state,state_abb,a.unins_adult.2015,a.unins_adult.2013,a.unins_child.2015,a.unins_child.2013,a.no_care_bc_cost_adult.2015,a.no_care_bc_cost_adult.2013,a.high_OOP_relative_under65.2015,a.at_risk_no_routine_doc_adult.2015,a.at_risk_no_routine_doc_adult.2013,a.no_dental_adult.2014,a.no_dental_adult.2012,q.with_usual_care_adult.2015,q.with_usual_care_adult.2013,q.with_cancer_screening_adult.2014,q.with_cancer_screening_adult.2012,q.with_vaccines_adult.2015,q.with_vaccines_adult.2013,q.with_medical_home_child.2012,q.with_prev_medical_dental_child.2012,q.with_mental_healthcare_child.2012,q.with_vaccines_infant.2015,q.with_vaccines_infant.2013,q.drug_should_avoid_medicare.2014,q.drug_should_avoid_medicare.2012,q.drug_should_avoid_3conditions_medicare.2014,q.drug_should_avoid_3conditions_medicare.2012,q.good_health_provider_medicare.2014,q.good_health_provider_medicare.2013,q.mortality_4conditions_medicare.2015,q.mortality_4conditions_medicare.2013,q.CLABSI_infection_ratio.2014,q.CLABSI_infection_ratio.2013,q.info_recovery_hospitalized.2015,q.info_recovery_hospitalized.2013,q.good_hospital_staff_hospitalized.2015,q.good_hospital_staff_hospitalized.2013,q.improve_mobility_homehealth.2015,q.improve_mobility_homehealth.2013,q.improved_wounds_homehealth.2015,q.improved_wounds_homehealth.2013,q.sores_NHres.2015,q.sores_NHres.2013,q.antipsychotic_med_NHres.2015,q.antipsychotic_med_NHres.2013,u.hosp_asthma_child.2013,u.hosp_asthma_child.2011,u.hosp_ambulatory_65to74yrs.2014,u.hosp_ambulatory_65to74yrs.2012,u.hosp_ambulatory_above75yrs.2014,u.hosp_ambulatory_above75yrs.2012,u.30day_hosp_readmit_medicare.2014,u.30day_hosp_readmit_medicare.2012,u.30day_hosp_readmit_NHres.2014,u.30day_hosp_readmit_NHres.2012,u.hosp_6mos_NHres.2014,u.hosp_6mos_NHres.2012,u.hosp_medicare_homehealth.2015,u.hosp_medicare_homehealth.2013,u.avoidable_ER_medicare.2014,u.avoidable_ER_medicare.2012,u.tot_reimb_employer_ins.2014,u.tot_reimb_employer_ins.2013,u.tot_reimb_medicare.2014,u.tot_reimb_medicare.2012,h.deaths_amenable.2014,h.deaths_amenable.2012,h.yrs_lost_potential_life_before75.2014,h.yrs_lost_potential_life_before75.2012,h.deaths_breast_cancer_F.2014,h.deaths_breast_cancer_F.2012,h.deaths_colorectal_cancer.2014,h.deaths_colorectal_cancer.2012,h.deaths_suicide.2014,h.deaths_suicide.2012,h.deaths_infant_mortality.2013,h.deaths_infant_mortality.2012,h.poor_health_adult.2015,h.poor_health_adult.2013,h.smoke_adult.2015,h.smoke_adult.2013,h.obese_adult.2015,h.obese_adult.2013,h.obese_child.2012,h.poor_dental_adult.2014,h.poor_dental_adult.2012,u.30day_hosp_readmit_medicare.2013,u.30day_hosp_readmit_NHres.2010,u.30day_hosp_readmit_NHres.2008,u.30day_hosp_readmit_NHres.2006,u.30day_hosp_readmit_NHres.2004,u.30day_hosp_readmit_NHres.2002,u.hosp_6mos_NHres.2010,u.hosp_6mos_NHres.2008,u.hosp_6mos_NHres.2006,u.hosp_6mos_NHres.2004,u.hosp_6mos_NHres.2002,u.hosp_medicare_homehealth.2014,u.avoidable_ER_medicare.2013,u.avoidable_ER_medicare.2011,u.premium_emp_private.2014,u.premium_emp_private.2013,u.premium_emp_private.2012,u.tot_reimb_medicare.2013,u.premium_emp_private_unadj.2014,u.reimb_medicare_unadj.2013,u.premium_emp_private_unadj.2013,u.reimb_medicare_unadj.2012,u.premium_emp_private_unadj.2012,h.deaths_amenable.2013,u.deaths_amenable_black.2013,u.deaths_amenable_white.2013,h.deaths_amenable.2011,u.deaths_amenable_black.2011,u.deaths_amenable_white.2011,h.deaths_amenable.2009,u.deaths_amenable_black.2009,u.deaths_amenable_white.2009,h.yrs_lost_potential_life_before75.2013,h.yrs_lost_potential_life_before75.2011,h.yrs_lost_potential_life_before75.2010,h.deaths_breast_cancer_F.2013,h.deaths_breast_cancer_F.2011,h.deaths_breast_cancer_F.2010,h.deaths_colorectal_cancer.2013,h.deaths_colorectal_cancer.2011,h.deaths_colorectal_cancer.2010,h.deaths_suicide.2013,h.deaths_suicide.2011,h.deaths_suicide.2010,h.deaths_infant_mortality.2011,h.deaths_infant_mortality.2010,h.deaths_infant_mortality.2009,h.poor_health_adult.2014,h.poor_health_adult.2012,h.smoke_adult.2014,h.smoke_adult.2012,h.obese_adult.2014,h.obese_adult.2012,a.unins_adult.2014,a.unins_child.2014,a.no_care_bc_cost_adult.2014,a.no_care_bc_cost_adult.2012,a.high_OOP_relative_under65.2014,a.at_risk_no_routine_doc_adult.2014,a.at_risk_no_routine_doc_adult.2012,q.with_usual_care_adult.2014,q.with_usual_care_adult.2012,q.with_prev_screening_above50yrs.2014,q.with_prev_screening_above50yrs.2012,q.with_vaccines_infant.2014,q.with_vaccines_infant.2012,q.drug_should_avoid_medicare.2011,q.drug_should_avoid_3conditions_medicare.2011,q.info_recovery_hospitalized.2012,q.good_hospital_staff_hospitalized.2012,q.improve_mobility_homehealth.2014,q.improved_wounds_homehealth.2014,q.sores_NHres.2014,q.antipsychotic_med_NHres.2014,u.hosp_asthma_child.2012,u.hosp_asthma_child.2010,u.hosp_ambulatory_65to74yrs.2013,u.hosp_ambulatory_above75yrs.2013
Alabama,AL,16.0,20.0,3.0,5.0,17.0,16.0,17.0,12.0,12.0,18.0,18.0,79.0,78.0,67.0,68.0,38.0,38.0,54.0,70.0,54.0,71.0,77.0,18.0,24.0,23.0,28.0,74.0,74.0,15.0,13.7,0.71,0.67,86.0,85.0,69.0,69.0,72.0,65.0,91.0,91.0,6.0,5.0,20.0,22.0,NA,NA,35.0,38.0,75.0,82.0,33.0,39.0,20.0,22.0,19.0,21.0,17.5,17.0,187.0,192.0,3677.0,3634.0,9228.0,9344.0,110.7,109.7,9361.0,9323.8,20.9,22.9,15.5,16.7,14.5,14.7,8.6,8.9,32.0,31.0,21.0,21.0,37.0,33.0,35.0,17.0,17.0,NA,NA,NA,NA,NA,NA,NA,NA,NA,NA,NA,NA,NA,NA,NA,NA,NA,NA,NA,NA,NA,NA,NA,NA,NA,NA,NA,NA,NA,NA,NA,NA,NA,NA,NA,NA,NA,NA,NA,NA,NA,NA,NA,NA,NA,NA,NA,NA,NA,NA,NA,NA,NA,NA,NA,NA,NA,NA,NA,NA,NA,NA,NA,NA,NA,NA,NA,NA,NA,NA,NA,NA,NA,NA,NA,NA,NA,NA
Alaska,AK,19.0,24.0,9.0,12.0,14.0,14.0,13.0,24.0,23.0,16.0,14.0,65.0,67.0,62.0,63.0,34.0,33.0,52.0,59.0,63.0,66.0,64.0,12.0,17.0,12.0,17.0,75.0,76.0,15.4,13.7,0.65,0.28,89.0,88.0,67.0,70.0,54.0,49.0,77.0,80.0,3.0,6.0,15.0,13.0,NA,46.0,16.0,NA,48.0,52.0,23.0,29.0,11.0,NA,11.0,NA,14.2,14.0,204.0,205.0,7982.0,7733.0,6110.0,5399.0,72.4,72.0,7407.7,7193.6,23.8,17.6,15.8,15.6,22.0,23.1,5.8,5.1,24.0,24.0,19.0,23.0,29.0,28.0,30.0,9.0,9.0,NA,NA,NA,NA,NA,NA,NA,NA,NA,NA,NA,NA,NA,NA,NA,NA,NA,NA,NA,NA,NA,NA,NA,NA,NA,NA,NA,NA,NA,NA,NA,NA,NA,NA,NA,NA,NA,NA,NA,NA,NA,NA,NA,NA,NA,NA,NA,NA,NA,NA,NA,NA,NA,NA,NA,NA,NA,NA,NA,NA,NA,NA,NA,NA,NA,NA,NA,NA,NA,NA,NA,NA,NA,NA,NA,NA,NA,NA
Arizona,AZ,15.0,24.0,9.0,13.0,15.0,17.0,15.0,16.0,19.0,18.0,17.0,72.0,68.0,66.0,63.0,32.0,31.0,46.0,65.0,60.0,72.0,65.0,13.0,17.0,15.0,18.0,71.0,74.0,14.2,13.1,0.53,0.64,87.0,86.0,66.0,66.0,62.0,58.0,86.0,86.0,5.0,6.0,17.0,20.0,91.0,106.0,17.0,20.0,47.0,51.0,19.0,23.0,19.0,20.0,8.0,9.0,14.9,15.0,173.0,178.0,4226.0,4267.0,7912.0,7998.0,73.1,72.4,6622.8,6608.5,19.1,19.1,13.2,13.1,18.0,17.3,5.3,5.8,28.0,24.0,14.0,16.0,30.0,28.0,37.0,9.0,10.0,NA,NA,NA,NA,NA,NA,NA,NA,NA,NA,NA,NA,NA,NA,NA,NA,NA,NA,NA,NA,NA,NA,NA,NA,NA,NA,NA,NA,NA,NA,NA,NA,NA,NA,NA,NA,NA,NA,NA,NA,NA,NA,NA,NA,NA,NA,NA,NA,NA,NA,NA,NA,NA,NA,NA,NA,NA,NA,NA,NA,NA,NA,NA,NA,NA,NA,NA,NA,NA,NA,NA,NA,NA,NA,NA,NA,NA,NA
Arkansas,AR,14.0,24.0,5.0,6.0,16.0,21.0,19.0,15.0,18.0,18.0,19.0,83.0,77.0,63.0,61.0,40.0,37.0,55.0,62.0,67.0,67.0,57.0,16.0,17.0,21.0,23.0,74.0,72.0,15.5,14.1,0.56,0.55,84.0,83.0,69.0,68.0,70.0,61.0,91.0,90.0,5.0,6.0,17.0,24.0,54.0,64.0,32.0,35.0,77.0,83.0,35.0,42.0,23.0,25.0,24.0,26.0,17.4,17.0,189.0,185.0,3217.0,3030.0,8652.0,8619.0,121.5,117.8,8983.7,8927.9,22.6,23.3,16.3,17.7,17.3,16.3,7.9,7.1,33.0,33.0,25.0,26.0,36.0,37.0,34.0,17.0,17.0,NA,NA,NA,NA,NA,NA,NA,NA,NA,NA,NA,NA,NA,NA,NA,NA,NA,NA,NA,NA,NA,NA,NA,NA,NA,NA,NA,NA,NA,NA,NA,NA,NA,NA,NA,NA,NA,NA,NA,NA,NA,NA,NA,NA,NA,NA,NA,NA,NA,NA,NA,NA,NA,NA,NA,NA,NA,NA,NA,NA,NA,NA,NA,NA,NA,NA,NA,NA,NA,NA,NA,NA,NA,NA,NA,NA,NA,NA
California,CA,12.0,24.0,4.0,8.0,12.0,16.0,13.0,14.0,17.0,17.0,16.0,77.0,71.0,70.0,73.0,35.0,34.0,45.0,65.0,63.0,75.0,69.0,11.0,16.0,18.0,21.0,73.0,74.0,14.0,13.0,0.51,0.52,85.0,84.0,64.0,64.0,65.0,59.0,92.0,91.0,6.0,6.0,13.0,17.0,88.0,87.0,18.0,21.0,50.0,55.0,19.0,24.0,20.0,22.0,19.0,20.0,14.8,15.0,163.0,167.0,4616.0,4752.0,8346.0,8310.0,70.9,72.4,5021.5,5108.3,20.0,21.1,13.0,13.6,10.5,10.0,4.8,4.5,27.0,29.0,11.0,12.0,25.0,25.0,30.0,7.0,7.0,NA,NA,NA,NA,NA,NA,NA,NA,NA,NA,NA,NA,NA,NA,NA,NA,NA,NA,NA,NA,NA,NA,NA,NA,NA,NA,NA,NA,NA,NA,NA,NA,NA,NA,NA,NA,NA,NA,NA,NA,NA,NA,NA,NA,NA,NA,NA,NA,NA,NA,NA,NA,NA,NA,NA,NA,NA,NA,NA,NA,NA,NA,NA,NA,NA,NA,NA,NA,NA,NA,NA,NA,NA,NA,NA,NA,NA,NA
Colorado,CO,11.0,19.0,4.0,9.0,12.0,15.0,14.0,17.0,18.0,15.0,16.0,76.0,76.0,68.0,69.0,43.0,42.0,55.0,70.0,65.0,75.0,69.0,12.0,16.0,16.0,18.0,75.0,76.0,14.5,12.9,0.41,0.49,88.0,88.0,69.0,70.0,67.0,62.0,91.0,90.0,4.0,5.0,16.0,17.0,117.0,143.0,15.0,16.0,46.0,50.0,16.0,19.0,14.0,16.0,9.0,10.0,15.4,14.0,171.0,173.0,4689.0,4457.0,7415.0,7460.0,61.5,61.0,5625.3,5538.1,18.4,20.3,12.4,12.6,19.9,19.7,5.1,4.6,24.0,23.0,16.0,18.0,20.0,22.0,23.0,7.0,7.0,NA,NA,NA,NA,NA,NA,NA,NA,NA,NA,NA,NA,NA,NA,NA,NA,NA,NA,NA,NA,NA,NA,NA,NA,NA,NA,NA,NA,NA,NA,NA,NA,NA,NA,NA,NA,NA,NA,NA,NA,NA,NA,NA,NA,NA,NA,NA,NA,NA,NA,NA,NA,NA,NA,NA,NA,NA,NA,NA,NA,NA,NA,NA,NA,NA,NA,NA,NA,NA,NA,NA,NA,NA,NA,NA,NA,NA,NA
Connecticut,CT,8.0,13.0,4.0,4.0,11.0,12.0,11.0,10.0,10.0,12.0,11.0,85.0,85.0,75.0,75.0,43.0,37.0,58.0,79.0,65.0,81.0,78.0,10.0,13.0,14.0,15.0,77.0,77.0,13.9,13.0,0.45,0.56,87.0,85.0,65.0,65.0,63.0,59.0,91.0,90.0,4.0,4.0,17.0,21.0,126.0,144.0,24.0,26.0,69.0,75.0,33.0,39.0,19.0,20.0,14.0,16.0,16.7,16.0,193.0,189.0,5246.0,5209.0,9014.0,8936.0,59.7,62.0,4986.2,5146.1,17.6,19.2,11.5,12.1,9.8,9.9,4.8,5.3,23.0,21.0,13.0,16.0,25.0,25.0,30.0,8.0,8.0,NA,NA,NA,NA,NA,NA,NA,NA,NA,NA,NA,NA,NA,NA,NA,NA,NA,NA,NA,NA,NA,NA,NA,NA,NA,NA,NA,NA,NA,NA,NA,NA,NA,NA,NA,NA,NA,NA,NA,NA,NA,NA,NA,NA,NA,NA,NA,NA,NA,NA,NA,NA,NA,NA,NA,NA,NA,NA,NA,NA,NA,NA,NA,NA,NA,NA,NA,NA,NA,NA,NA,NA,NA,NA,NA,NA,NA,NA
Delaware,DE,8.0,14.0,NA,5.0,11.0,12.0,10.0,9.0,9.0,14.0,12.0,85.0,86.0,72.0,75.0,43.0,43.0,56.0,72.0,67.0,79.0,72.0,11.0,16.0,16.0,17.0,77.0,79.0,13.1,12.2,0.55,0.71,87.0,85.0,67.0,67.0,66.0,58.0,84.0,82.0,4.0,6.0,13.0,17.0,NA,NA,29.0,27.0,69.0,68.0,38.0,40.0,20.0,20.0,16.0,19.0,16.3,16.0,166.0,159.0,4388.0,4439.0,8753.0,8514.0,84.4,84.6,6816.5,7203.9,21.3,22.7,13.5,13.4,13.2,13.2,6.4,7.6,26.0,25.0,17.0,20.0,30.0,31.0,32.0,11.0,10.0,NA,NA,NA,NA,NA,NA,NA,NA,NA,NA,NA,NA,NA,NA,NA,NA,NA,NA,NA,NA,NA,NA,NA,NA,NA,NA,NA,NA,NA,NA,NA,NA,NA,NA,NA,NA,NA,NA,NA,NA,NA,NA,NA,NA,NA,NA,NA,NA,NA,NA,NA,NA,NA,NA,NA,NA,NA,NA,NA,NA,NA,NA,NA,NA,NA,NA,NA,NA,NA,NA,NA,NA,NA,NA,NA,NA,NA,NA
Florida,FL,20.0,29.0,7.0,12.0,17.0,21.0,15.0,12.0,14.0,17.0,18.0,78.0,73.0,67.0,68.0,29.0,28.0,50.0,60.0,58.0,67.0,70.0,14.0,16.0,19.0,21.0,75.0,76.0,14.2,13.1,0.51,0.59,85.0,83.0,64.0,63.0,69.0,65.0,92.0,92.0,6.0,6.0,18.0,22.0,157.0,145.0,29.0,28.0,72.0,68.0,30.0,34.0,22.0,22.0,22.0,23.0,15.9,15.0,185.0,179.0,4523.0,4459.0,10434.0,10597.0,80.3,80.3,6575.2,6555.9,19.7,20.6,13.3,13.8,13.9,14.3,6.1,6.1,26.0,28.0,16.0,17.0,27.0,27.0,28.0,11.0,11.0,NA,NA,NA,NA,NA,NA,NA,NA,NA,NA,NA,NA,NA,NA,NA,NA,NA,NA,NA,NA,NA,NA,NA,NA,NA,NA,NA,NA,NA,NA,NA,NA,NA,NA,NA,NA,NA,NA,NA,NA,NA,NA,NA,NA,NA,NA,NA,NA,NA,NA,NA,NA,NA,NA,NA,NA,NA,NA,NA,NA,NA,NA,NA,NA,NA,NA,NA,NA,NA,NA,NA,NA,NA,NA,NA,NA,NA,NA
Georgia,GA,19.0,26.0,7.0,10.0,16.0,20.0,15.0,14.0,14.0,17.0,16.0,72.0,72.0,70.0,72.0,34.0,32.0,52.0,65.0,53.0,76.0,70.0,16.0,21.0,19.0,21.0,76.0,76.0,14.7,13.4,0.64,0.72,86.0,84.0,67.0,66.0,68.0,61.0,91.0,90.0,7.0,7.0,20.0,22.0,87.0,88.0,29.0,31.0,70.0,73.0,27.0,33.0,20.0,21.0,17.0,19.0,16.6,16.0,192.0,201.0,3310.0,4761.0,8665.0,8743.0,102.7,99.3,7277.9,6965.8,22.7,21.6,15.7,15.1,12.6,11.7,7.0,6.2,26.0,27.0,18.0,19.0,31.0,31.0,35.0,12.0,13.0,NA,NA,NA,NA,NA,NA,NA,NA,NA,NA,NA,NA,NA,NA,NA,NA,NA,NA,NA,NA,NA,NA,NA,NA,NA,NA,NA,NA,NA,NA,NA,NA,NA,NA,NA,NA,NA,NA,NA,NA,NA,NA,NA,NA,NA,NA,NA,NA,NA,NA,NA,NA,NA,NA,NA,NA,NA,NA,NA,NA,NA,NA,NA,NA,NA,NA,NA,NA,NA,NA,NA,NA,NA,NA,NA,NA,NA,NA
Hawaii,HI,6.0,10.0,2.0,3.0,8.0,9.0,12.0,15.0,14.0,14.0,15.0,85.0,85.0,70.0,70.0,38.0,43.0,57.0,73.0,58.0,74.0,67.0,9.0,21.0,13.0,18.0,77.0,77.0,14.7,13.4,0.23,0.25,83.0,85.0,70.0,69.0,61.0,55.0,83.0,83.0,4.0,3.0,8.0,11.0,66.0,52.0,12.0,13.0,35.0,41.0,10.0,12.0,12.0,NA,5.0,NA,13.9,14.0,129.0,131.0,3513.0,3031.0,5592.0,5408.0,76.1,71.4,5368.5,5444.9,16.7,16.3,13.9,13.6,13.8,13.1,6.4,4.9,22.0,20.0,14.0,13.0,24.0,23.0,27.0,7.0,6.0,NA,NA,NA,NA,NA,NA,NA,NA,NA,NA,NA,NA,NA,NA,NA,NA,NA,NA,NA,NA,NA,NA,NA,NA,NA,NA,NA,NA,NA,NA,NA,NA,NA,NA,NA,NA,NA,NA,NA,NA,NA,NA,NA,NA,NA,NA,NA,NA,NA,NA,NA,NA,NA,NA,NA,NA,NA,NA,NA,NA,NA,NA,NA,NA,NA,NA,NA,NA,NA,NA,NA,NA,NA,NA,NA,NA,NA,NA
Idaho,ID,17.0,23.0,6.0,9.0,14.0,16.0,18.0,20.0,21.0,15.0,13.0,73.0,72.0,60.0,61.0,33.0,32.0,57.0,59.0,56.0,72.0,70.0,13.0,16.0,16.0,22.0,74.0,74.0,15.0,13.6,0.35,0.29,90.0,88.0,74.0,70.0,68.0,63.0,91.0,91.0,3.0,4.0,16.0,20.0,NA,NA,15.0,17.0,42.0,45.0,15.0,17.0,14.0,14.0,12.0,11.0,14.2,14.0,170.0,162.0,3734.0,3702.0,7365.0,7198.0,67.9,64.8,6111.7,5808.9,20.4,15.8,12.8,14.2,20.0,19.0,5.6,5.4,25.0,23.0,14.0,17.0,29.0,30.0,28.0,8.0,9.0,NA,NA,NA,NA,NA,NA,NA,NA,NA,NA,NA,NA,NA,NA,NA,NA,NA,NA,NA,NA,NA,NA,NA,NA,NA,NA,NA,NA,NA,NA,NA,NA,NA,NA,NA,NA,NA,NA,NA,NA,NA,NA,NA,NA,NA,NA,NA,NA,NA,NA,NA,NA,NA,NA,NA,NA,NA,NA,NA,NA,NA,NA,NA,NA,NA,NA,NA,NA,NA,NA,NA,NA,NA,NA,NA,NA,NA,NA
Illinois,IL,10.0,18.0,3.0,5.0,11.0,14.0,14.0,12.0,14.0,16.0,15.0,83.0,80.0,66.0,67.0,35.0,34.0,56.0,74.0,55.0,71.0,67.0,10.0,13.0,16.0,18.0,78.0,77.0,14.1,12.9,0.43,0.47,87.0,86.0,68.0,67.0,67.0,61.0,89.0,88.0,6.0,7.0,21.0,25.0,110.0,117.0,28.0,31.0,73.0,73.0,38.0,51.0,20.0,23.0,20.0,22.0,16.0,16.0,188.0,192.0,4649.0,4489.0,9118.0,9219.0,87.2,88.7,6125.0,6160.5,21.9,23.0,15.0,16.0,10.5,9.8,6.0,6.5,23.0,22.0,15.0,18.0,31.0,30.0,34.0,8.0,9.0,NA,NA,NA,NA,NA,NA,NA,NA,NA,NA,NA,NA,NA,NA,NA,NA,NA,NA,NA,NA,NA,NA,NA,NA,NA,NA,NA,NA,NA,NA,NA,NA,NA,NA,NA,NA,NA,NA,NA,NA,NA,NA,NA,NA,NA,NA,NA,NA,NA,NA,NA,NA,NA,NA,NA,NA,NA,NA,NA,NA,NA,NA,NA,NA,NA,NA,NA,NA,NA,NA,NA,NA,NA,NA,NA,NA,NA,NA
Indiana,IN,13.0,19.0,7.0,9.0,14.0,16.0,15.0,17.0,17.0,15.0,15.0,81.0,80.0,62.0,63.0,36.0,33.0,58.0,69.0,58.0,75.0,69.0,13.0,17.0,18.0,21.0,75.0,76.0,14.6,13.4,0.61,0.69,88.0,87.0,69.0,69.0,66.0,59.0,90.0,89.0,6.0,7.0,17.0,21.0,78.0,105.0,32.0,35.0,73.0,77.0,32.0,40.0,18.0,20.0,17.0,19.0,16.6,16.0,195.0,200.0,4946.0,4826.0,8991.0,9045.0,91.5,92.0,7528.4,7342.1,21.0,21.8,16.2,16.4,14.3,14.3,7.2,6.7,28.0,26.0,21.0,22.0,32.0,32.0,31.0,14.0,13.0,NA,NA,NA,NA,NA,NA,NA,NA,NA,NA,NA,NA,NA,NA,NA,NA,NA,NA,NA,NA,NA,NA,NA,NA,NA,NA,NA,NA,NA,NA,NA,NA,NA,NA,NA,NA,NA,NA,NA,NA,NA,NA,NA,NA,NA,NA,NA,NA,NA,NA,NA,NA,NA,NA,NA,NA,NA,NA,NA,NA,NA,NA,NA,NA,NA,NA,NA,NA,NA,NA,NA,NA,NA,NA,NA,NA,NA,NA
Iowa,IA,7.0,12.0,4.0,5.0,7.0,10.0,12.0,12.0,14.0,13.0,12.0,81.0,81.0,70.0,71.0,47.0,44.0,67.0,70.0,66.0,78.0,78.0,9.0,12.0,14.0,17.0,76.0,75.0,15.1,13.4,0.46,0.54,88.0,88.0,71.0,69.0,67.0,62.0,88.0,88.0,4.0,5.0,17.0,20.0,56.0,69.0,22.0,24.0,59.0,64.0,28.0,33.0,16.0,17.0,15.0,15.0,17.0,16.0,185.0,184.0,4035.0,3817.0,7638.0,7496.0,72.0,72.0,5701.1,5746.7,19.3,20.3,15.5,15.9,12.9,12.7,4.3,5.3,21.0,22.0,18.0,19.0,32.0,32.0,28.0,10.0,9.0,NA,NA,NA,NA,NA,NA,NA,NA,NA,NA,NA,NA,NA,NA,NA,NA,NA,NA,NA,NA,NA,NA,NA,NA,NA,NA,NA,NA,NA,NA,NA,NA,NA,NA,NA,NA,NA,NA,NA,NA,NA,NA,NA,NA,NA,NA,NA,NA,NA,NA,NA,NA,NA,NA,NA,NA,NA,NA,NA,NA,NA,NA,NA,NA,NA,NA,NA,NA,NA,NA,NA,NA,NA,NA,NA,NA,NA,NA
Kansas,KS,13.0,18.0,5.0,7.0,11.0,14.0,16.0,15.0,14.0,13.0,13.0,80.0,78.0,66.0,68.0,41.0,40.0,59.0,70.0,72.0,75.0,69.0,12.0,15.0,17.0,20.0,73.0,75.0,14.9,13.0,0.61,0.58,88.0,86.0,70.0,70.0,67.0,61.0,90.0,88.0,5.0,5.0,19.0,22.0,128.0,144.0,26.0,27.0,65.0,71.0,32.0,37.0,18.0,19.0,19.0,20.0,17.5,17.0,175.0,173.0,4052.0,3965.0,8697.0,8586.0,79.0,77.9,6541.2,6642.8,19.1,23.0,15.1,14.7,15.7,17.5,6.5,6.3,24.0,23.0,18.0,20.0,35.0,31.0,30.0,9.0,10.0,NA,NA,NA,NA,NA,NA,NA,NA,NA,NA,NA,NA,NA,NA,NA,NA,NA,NA,NA,NA,NA,NA,NA,NA,NA,NA,NA,NA,NA,NA,NA,NA,NA,NA,NA,NA,NA,NA,NA,NA,NA,NA,NA,NA,NA,NA,NA,NA,NA,NA,NA,NA,NA,NA,NA,NA,NA,NA,NA,NA,NA,NA,NA,NA,NA,NA,NA,NA,NA,NA,NA,NA,NA,NA,NA,NA,NA,NA
Kentucky,KY,8.0,21.0,4.0,6.0,12.0,19.0,15.0,11.0,15.0,16.0,16.0,83.0,78.0,67.0,65.0,43.0,38.0,56.0,68.0,66.0,73.0,73.0,17.0,23.0,20.0,24.0,75.0,77.0,14.7,13.3,0.55,0.67,87.0,86.0,69.0,69.0,70.0,64.0,91.0,91.0,7.0,7.0,20.0,22.0,117.0,167.0,46.0,51.0,92.0,100.0,37.0,50.0,20.0,22.0,21.0,24.0,17.5,18.0,223.0,219.0,4326.0,4015.0,9075.0,9167.0,106.0,107.9,8843.9,8868.9,20.9,23.4,17.4,17.1,16.0,16.2,6.4,7.2,32.0,32.0,26.0,26.0,36.0,34.0,36.0,18.0,16.0,NA,NA,NA,NA,NA,NA,NA,NA,NA,NA,NA,NA,NA,NA,NA,NA,NA,NA,NA,NA,NA,NA,NA,NA,NA,NA,NA,NA,NA,NA,NA,NA,NA,NA,NA,NA,NA,NA,NA,NA,NA,NA,NA,NA,NA,NA,NA,NA,NA,NA,NA,NA,NA,NA,NA,NA,NA,NA,NA,NA,NA,NA,NA,NA,NA,NA,NA,NA,NA,NA,NA,NA,NA,NA,NA,NA,NA,NA
Louisiana,LA,18.0,25.0,4.0,6.0,16.0,20.0,18.0,13.0,10.0,20.0,20.0,77.0,74.0,67.0,67.0,37.0,39.0,56.0,67.0,40.0,71.0,69.0,21.0,24.0,21.0,23.0,78.0,80.0,14.2,13.3,0.6,0.69,86.0,86.0,73.0,72.0,66.0,60.0,91.0,92.0,7.0,9.0,22.0,27.0,145.0,232.0,41.0,44.0,90.0,97.0,32.0,40.0,25.0,26.0,27.0,30.0,15.9,16.0,228.0,236.0,3874.0,3852.0,10616.0,10868.0,126.6,120.3,9191.9,8952.0,24.2,24.4,18.1,17.7,14.3,12.4,8.7,8.1,29.0,30.0,22.0,24.0,37.0,33.0,40.0,14.0,17.0,NA,NA,NA,NA,NA,NA,NA,NA,NA,NA,NA,NA,NA,NA,NA,NA,NA,NA,NA,NA,NA,NA,NA,NA,NA,NA,NA,NA,NA,NA,NA,NA,NA,NA,NA,NA,NA,NA,NA,NA,NA,NA,NA,NA,NA,NA,NA,NA,NA,NA,NA,NA,NA,NA,NA,NA,NA,NA,NA,NA,NA,NA,NA,NA,NA,NA,NA,NA,NA,NA,NA,NA,NA,NA,NA,NA,NA,NA
Maine,ME,12.0,16.0,6.0,5.0,9.0,10.0,16.0,11.0,12.0,13.0,13.0,88.0,87.0,73.0,73.0,41.0,41.0,63.0,73.0,78.0,72.0,68.0,12.0,12.0,12.0,13.0,78.0,77.0,14.4,13.4,0.87,0.66,89.0,89.0,71.0,72.0,66.0,62.0,90.0,88.0,5.0,5.0,18.0,21.0,NA,72.0,25.0,26.0,60.0,65.0,27.0,31.0,16.0,17.0,12.0,12.0,17.0,16.0,219.0,233.0,4333.0,4261.0,7769.0,7606.0,64.6,61.7,6250.6,6128.2,16.8,17.3,11.9,14.2,15.7,14.5,7.1,7.0,27.0,25.0,19.0,20.0,30.0,29.0,30.0,13.0,14.0,NA,NA,NA,NA,NA,NA,NA,NA,NA,NA,NA,NA,NA,NA,NA,NA,NA,NA,NA,NA,NA,NA,NA,NA,NA,NA,NA,NA,NA,NA,NA,NA,NA,NA,NA,NA,NA,NA,NA,NA,NA,NA,NA,NA,NA,NA,NA,NA,NA,NA,NA,NA,NA,NA,NA,NA,NA,NA,NA,NA,NA,NA,NA,NA,NA,NA,NA,NA,NA,NA,NA,NA,NA,NA,NA,NA,NA,NA
Maryland,MD,9.0,14.0,4.0,5.0,11.0,13.0,10.0,8.0,10.0,15.0,13.0,85.0,79.0,73.0,75.0,41.0,42.0,57.0,73.0,59.0,77.0,76.0,12.0,15.0,16.0,18.0,76.0,76.0,NA,12.8,0.53,0.51,86.0,85.0,62.0,61.0,68.0,63.0,91.0,89.0,7.0,7.0,14.0,16.0,123.0,132.0,29.0,29.0,65.0,69.0,40.0,49.0,20.0,22.0,16.0,17.0,16.0,17.0,187.0,193.0,3638.0,3603.0,8772.0,8472.0,90.2,89.1,6268.1,6244.1,22.9,23.7,14.6,15.0,9.8,9.5,6.6,6.4,21.0,22.0,15.0,16.0,29.0,29.0,32.0,9.0,9.0,NA,NA,NA,NA,NA,NA,NA,NA,NA,NA,NA,NA,NA,NA,NA,NA,NA,NA,NA,NA,NA,NA,NA,NA,NA,NA,NA,NA,NA,NA,NA,NA,NA,NA,NA,NA,NA,NA,NA,NA,NA,NA,NA,NA,NA,NA,NA,NA,NA,NA,NA,NA,NA,NA,NA,NA,NA,NA,NA,NA,NA,NA,NA,NA,NA,NA,NA,NA,NA,NA,NA,NA,NA,NA,NA,NA,NA,NA
Massachusetts,MA,4.0,5.0,1.0,2.0,9.0,9.0,11.0,7.0,7.0,12.0,11.0,89.0,88.0,77.0,79.0,42.0,47.0,63.0,79.0,65.0,79.0,79.0,9.0,9.0,13.0,15.0,79.0,77.0,13.2,12.4,0.5,0.51,89.0,87.0,67.0,67.0,68.0,63.0,93.0,92.0,5.0,5.0,19.0,22.0,126.0,182.0,28.0,30.0,77.0,80.0,35.0,41.0,19.0,19.0,13.0,14.0,17.0,16.0,195.0,209.0,4522.0,4439.0,8892.0,9041.0,60.3,61.2,5283.4,4891.6,17.9,19.5,12.6,13.4,8.2,8.7,4.2,4.2,24.0,22.0,14.0,17.0,24.0,24.0,31.0,10.0,9.0,NA,NA,NA,NA,NA,NA,NA,NA,NA,NA,NA,NA,NA,NA,NA,NA,NA,NA,NA,NA,NA,NA,NA,NA,NA,NA,NA,NA,NA,NA,NA,NA,NA,NA,NA,NA,NA,NA,NA,NA,NA,NA,NA,NA,NA,NA,NA,NA,NA,NA,NA,NA,NA,NA,NA,NA,NA,NA,NA,NA,NA,NA,NA,NA,NA,NA,NA,NA,NA,NA,NA,NA,NA,NA,NA,NA,NA,NA
Michigan,MI,9.0,16.0,3.0,5.0,13.0,15.0,13.0,11.0,13.0,14.0,14.0,85.0,83.0,71.0,71.0,34.0,33.0,59.0,68.0,68.0,68.0,70.0,12.0,14.0,17.0,19.0,77.0,75.0,14.2,13.0,0.4,0.44,88.0,87.0,70.0,68.0,66.0,61.0,87.0,87.0,6.0,6.0,13.0,15.0,88.0,97.0,34.0,34.0,74.0,73.0,36.0,42.0,21.0,23.0,17.0,18.0,16.4,16.0,213.0,214.0,3837.0,3852.0,9551.0,9565.0,92.2,91.9,7039.0,6976.7,22.4,22.3,14.6,14.5,13.3,12.5,7.1,6.9,27.0,28.0,21.0,21.0,32.0,32.0,33.0,10.0,11.0,NA,NA,NA,NA,NA,NA,NA,NA,NA,NA,NA,NA,NA,NA,NA,NA,NA,NA,NA,NA,NA,NA,NA,NA,NA,NA,NA,NA,NA,NA,NA,NA,NA,NA,NA,NA,NA,NA,NA,NA,NA,NA,NA,NA,NA,NA,NA,NA,NA,NA,NA,NA,NA,NA,NA,NA,NA,NA,NA,NA,NA,NA,NA,NA,NA,NA,NA,NA,NA,NA,NA,NA,NA,NA,NA,NA,NA,NA
Minnesota,MN,6.0,11.0,3.0,6.0,8.0,10.0,10.0,11.0,12.0,13.0,11.0,77.0,73.0,72.0,73.0,45.0,44.0,61.0,60.0,72.0,73.0,74.0,7.0,10.0,13.0,15.0,80.0,78.0,14.3,12.8,0.45,0.44,89.0,88.0,71.0,71.0,62.0,57.0,85.0,85.0,4.0,4.0,13.0,16.0,57.0,70.0,19.0,20.0,53.0,55.0,14.0,18.0,16.0,17.0,7.0,7.0,16.6,16.0,175.0,181.0,4609.0,4450.0,7497.0,7225.0,54.3,56.5,4891.6,4909.6,17.1,18.1,12.7,13.2,12.2,12.0,5.1,5.0,20.0,20.0,16.0,18.0,26.0,26.0,27.0,7.0,7.0,NA,NA,NA,NA,NA,NA,NA,NA,NA,NA,NA,NA,NA,NA,NA,NA,NA,NA,NA,NA,NA,NA,NA,NA,NA,NA,NA,NA,NA,NA,NA,NA,NA,NA,NA,NA,NA,NA,NA,NA,NA,NA,NA,NA,NA,NA,NA,NA,NA,NA,NA,NA,NA,NA,NA,NA,NA,NA,NA,NA,NA,NA,NA,NA,NA,NA,NA,NA,NA,NA,NA,NA,NA,NA,NA,NA,NA,NA
Mississippi,MS,19.0,25.0,5.0,8.0,19.0,22.0,18.0,12.0,15.0,20.0,19.0,78.0,77.0,64.0,63.0,38.0,35.0,49.0,60.0,53.0,71.0,75.0,19.0,22.0,23.0,26.0,75.0,78.0,14.9,13.4,0.76,0.77,85.0,83.0,70.0,70.0,71.0,64.0,94.0,92.0,8.0,8.0,21.0,25.0,NA,NA,40.0,42.0,91.0,91.0,41.0,48.0,22.0,24.0,28.0,29.0,17.4,17.0,226.0,231.0,3413.0,3795.0,9885.0,10046.0,140.8,132.6,9917.0,9609.6,23.8,25.3,19.3,19.4,12.5,14.0,9.6,8.9,31.0,31.0,22.0,25.0,37.0,37.0,40.0,19.0,18.0,NA,NA,NA,NA,NA,NA,NA,NA,NA,NA,NA,NA,NA,NA,NA,NA,NA,NA,NA,NA,NA,NA,NA,NA,NA,NA,NA,NA,NA,NA,NA,NA,NA,NA,NA,NA,NA,NA,NA,NA,NA,NA,NA,NA,NA,NA,NA,NA,NA,NA,NA,NA,NA,NA,NA,NA,NA,NA,NA,NA,NA,NA,NA,NA,NA,NA,NA,NA,NA,NA,NA,NA,NA,NA,NA,NA,NA,NA
Missouri,MO,13.0,18.0,6.0,7.0,14.0,16.0,13.0,15.0,16.0,16.0,15.0,78.0,79.0,64.0,66.0,43.0,40.0,62.0,65.0,63.0,71.0,68.0,14.0,16.0,18.0,21.0,74.0,77.0,14.5,13.2,0.48,0.42,88.0,87.0,67.0,67.0,68.0,62.0,91.0,90.0,6.0,6.0,19.0,24.0,127.0,150.0,30.0,31.0,69.0,73.0,32.0,37.0,20.0,22.0,19.0,20.0,16.4,16.0,199.0,197.0,3933.0,4002.0,8735.0,8698.0,95.4,95.5,7506.1,7486.7,22.1,22.5,14.7,16.6,16.3,14.9,6.5,6.6,28.0,28.0,22.0,22.0,33.0,31.0,28.0,13.0,12.0,NA,NA,NA,NA,NA,NA,NA,NA,NA,NA,NA,NA,NA,NA,NA,NA,NA,NA,NA,NA,NA,NA,NA,NA,NA,NA,NA,NA,NA,NA,NA,NA,NA,NA,NA,NA,NA,NA,NA,NA,NA,NA,NA,NA,NA,NA,NA,NA,NA,NA,NA,NA,NA,NA,NA,NA,NA,NA,NA,NA,NA,NA,NA,NA,NA,NA,NA,NA,NA,NA,NA,NA,NA,NA,NA,NA,NA,NA
Montana,MT,16.0,23.0,7.0,11.0,11.0,14.0,18.0,18.0,19.0,16.0,17.0,74.0,70.0,63.0,60.0,39.0,37.0,58.0,61.0,60.0,68.0,65.0,10.0,13.0,13.0,17.0,74.0,77.0,15.2,13.2,0.56,0.63,87.0,85.0,70.0,67.0,63.0,56.0,92.0,92.0,6.0,5.0,15.0,18.0,53.0,65.0,18.0,21.0,51.0,NA,21.0,25.0,13.0,13.0,12.0,12.0,15.5,15.0,162.0,158.0,4333.0,4291.0,6672.0,6585.0,71.8,67.9,6640.3,6962.8,19.3,20.7,14.6,14.3,23.9,22.6,5.6,5.9,26.0,25.0,19.0,19.0,24.0,25.0,29.0,11.0,11.0,NA,NA,NA,NA,NA,NA,NA,NA,NA,NA,NA,NA,NA,NA,NA,NA,NA,NA,NA,NA,NA,NA,NA,NA,NA,NA,NA,NA,NA,NA,NA,NA,NA,NA,NA,NA,NA,NA,NA,NA,NA,NA,NA,NA,NA,NA,NA,NA,NA,NA,NA,NA,NA,NA,NA,NA,NA,NA,NA,NA,NA,NA,NA,NA,NA,NA,NA,NA,NA,NA,NA,NA,NA,NA,NA,NA,NA,NA
Nebraska,NE,11.0,15.0,5.0,6.0,12.0,13.0,13.0,16.0,18.0,16.0,15.0,80.0,79.0,67.0,66.0,45.0,43.0,61.0,70.0,71.0,74.0,79.0,10.0,13.0,18.0,21.0,77.0,79.0,15.3,13.3,0.72,0.71,89.0,88.0,72.0,72.0,67.0,59.0,82.0,83.0,4.0,4.0,20.0,23.0,43.0,58.0,23.0,24.0,58.0,63.0,28.0,33.0,15.0,16.0,16.0,16.0,17.0,16.0,150.0,153.0,4517.0,4379.0,8172.0,8062.0,66.8,64.6,5965.5,5701.3,21.6,21.2,16.1,16.0,13.4,12.5,5.2,4.7,21.0,22.0,17.0,18.0,31.0,30.0,29.0,8.0,8.0,NA,NA,NA,NA,NA,NA,NA,NA,NA,NA,NA,NA,NA,NA,NA,NA,NA,NA,NA,NA,NA,NA,NA,NA,NA,NA,NA,NA,NA,NA,NA,NA,NA,NA,NA,NA,NA,NA,NA,NA,NA,NA,NA,NA,NA,NA,NA,NA,NA,NA,NA,NA,NA,NA,NA,NA,NA,NA,NA,NA,NA,NA,NA,NA,NA,NA,NA,NA,NA,NA,NA,NA,NA,NA,NA,NA,NA,NA
Nevada,NV,17.0,27.0,8.0,14.0,15.0,17.0,14.0,17.0,15.0,19.0,20.0,67.0,65.0,63.0,63.0,31.0,29.0,45.0,56.0,49.0,71.0,61.0,13.0,17.0,15.0,18.0,73.0,73.0,15.2,13.8,0.58,0.63,84.0,84.0,62.0,64.0,64.0,60.0,91.0,91.0,7.0,7.0,17.0,21.0,107.0,98.0,22.0,25.0,55.0,60.0,23.0,26.0,22.0,23.0,19.0,20.0,15.5,15.0,159.0,165.0,4017.0,4048.0,8404.0,8328.0,94.7,91.9,6854.4,6658.4,22.0,22.2,16.4,17.7,19.5,18.2,5.3,4.9,27.0,25.0,18.0,19.0,28.0,27.0,33.0,8.0,11.0,NA,NA,NA,NA,NA,NA,NA,NA,NA,NA,NA,NA,NA,NA,NA,NA,NA,NA,NA,NA,NA,NA,NA,NA,NA,NA,NA,NA,NA,NA,NA,NA,NA,NA,NA,NA,NA,NA,NA,NA,NA,NA,NA,NA,NA,NA,NA,NA,NA,NA,NA,NA,NA,NA,NA,NA,NA,NA,NA,NA,NA,NA,NA,NA,NA,NA,NA,NA,NA,NA,NA,NA,NA,NA,NA,NA,NA,NA
New Hampshire,NH,10.0,16.0,4.0,4.0,9.0,12.0,12.0,10.0,11.0,12.0,10.0,88.0,88.0,72.0,75.0,44.0,39.0,67.0,79.0,66.0,74.0,75.0,11.0,13.0,14.0,19.0,77.0,78.0,14.4,13.3,0.55,0.35,90.0,88.0,70.0,69.0,65.0,59.0,88.0,87.0,3.0,4.0,17.0,21.0,NA,NA,22.0,23.0,65.0,64.0,31.0,34.0,17.0,16.0,14.0,14.0,17.1,17.0,180.0,192.0,5189.0,5121.0,7686.0,7618.0,58.5,58.4,5699.7,5097.3,21.2,19.0,12.7,13.7,17.8,14.1,5.6,4.2,22.0,22.0,16.0,16.0,26.0,27.0,26.0,10.0,10.0,NA,NA,NA,NA,NA,NA,NA,NA,NA,NA,NA,NA,NA,NA,NA,NA,NA,NA,NA,NA,NA,NA,NA,NA,NA,NA,NA,NA,NA,NA,NA,NA,NA,NA,NA,NA,NA,NA,NA,NA,NA,NA,NA,NA,NA,NA,NA,NA,NA,NA,NA,NA,NA,NA,NA,NA,NA,NA,NA,NA,NA,NA,NA,NA,NA,NA,NA,NA,NA,NA,NA,NA,NA,NA,NA,NA,NA,NA
New Jersey,NJ,12.0,19.0,4.0,6.0,12.0,15.0,12.0,8.0,10.0,16.0,15.0,82.0,81.0,69.0,69.0,37.0,34.0,53.0,76.0,58.0,77.0,73.0,10.0,15.0,17.0,18.0,76.0,76.0,13.7,12.7,0.59,0.61,84.0,82.0,63.0,63.0,69.0,63.0,91.0,90.0,7.0,8.0,13.0,16.0,151.0,149.0,27.0,27.0,69.0,73.0,40.0,47.0,22.0,24.0,20.0,21.0,16.1,16.0,164.0,170.0,4822.0,4750.0,9560.0,9556.0,74.3,76.7,5286.1,5325.0,21.6,22.7,14.2,15.9,8.3,7.4,4.5,4.4,23.0,22.0,14.0,16.0,25.0,27.0,25.0,10.0,9.0,NA,NA,NA,NA,NA,NA,NA,NA,NA,NA,NA,NA,NA,NA,NA,NA,NA,NA,NA,NA,NA,NA,NA,NA,NA,NA,NA,NA,NA,NA,NA,NA,NA,NA,NA,NA,NA,NA,NA,NA,NA,NA,NA,NA,NA,NA,NA,NA,NA,NA,NA,NA,NA,NA,NA,NA,NA,NA,NA,NA,NA,NA,NA,NA,NA,NA,NA,NA,NA,NA,NA,NA,NA,NA,NA,NA,NA,NA
New Mexico,NM,16.0,28.0,5.0,9.0,14.0,18.0,14.0,18.0,17.0,18.0,18.0,71.0,69.0,63.0,63.0,38.0,36.0,48.0,70.0,58.0,70.0,66.0,13.0,18.0,16.0,21.0,72.0,73.0,14.8,13.3,0.55,0.49,84.0,84.0,67.0,66.0,64.0,59.0,92.0,93.0,6.0,6.0,16.0,19.0,NA,NA,21.0,23.0,56.0,59.0,19.0,22.0,18.0,18.0,15.0,13.0,14.8,15.0,178.0,170.0,3920.0,3996.0,6938.0,6791.0,80.4,78.5,8349.3,7997.9,18.8,18.0,13.7,13.9,21.0,21.3,5.3,6.8,29.0,29.0,18.0,19.0,31.0,28.0,33.0,10.0,10.0,NA,NA,NA,NA,NA,NA,NA,NA,NA,NA,NA,NA,NA,NA,NA,NA,NA,NA,NA,NA,NA,NA,NA,NA,NA,NA,NA,NA,NA,NA,NA,NA,NA,NA,NA,NA,NA,NA,NA,NA,NA,NA,NA,NA,NA,NA,NA,NA,NA,NA,NA,NA,NA,NA,NA,NA,NA,NA,NA,NA,NA,NA,NA,NA,NA,NA,NA,NA,NA,NA,NA,NA,NA,NA,NA,NA,NA,NA
New York,NY,10.0,15.0,3.0,4.0,12.0,15.0,11.0,11.0,10.0,16.0,15.0,83.0,81.0,70.0,72.0,40.0,35.0,53.0,73.0,64.0,72.0,72.0,9.0,12.0,17.0,17.0,76.0,75.0,14.2,13.1,0.5,0.56,85.0,84.0,63.0,63.0,66.0,59.0,90.0,89.0,7.0,8.0,16.0,19.0,226.0,221.0,25.0,29.0,66.0,73.0,28.0,36.0,21.0,23.0,14.0,17.0,16.6,17.0,168.0,173.0,5019.0,5057.0,8959.0,8977.0,78.5,79.9,5130.8,5237.2,19.2,20.8,13.5,14.4,8.1,8.3,4.9,5.0,25.0,25.0,15.0,17.0,25.0,25.0,32.0,9.0,10.0,NA,NA,NA,NA,NA,NA,NA,NA,NA,NA,NA,NA,NA,NA,NA,NA,NA,NA,NA,NA,NA,NA,NA,NA,NA,NA,NA,NA,NA,NA,NA,NA,NA,NA,NA,NA,NA,NA,NA,NA,NA,NA,NA,NA,NA,NA,NA,NA,NA,NA,NA,NA,NA,NA,NA,NA,NA,NA,NA,NA,NA,NA,NA,NA,NA,NA,NA,NA,NA,NA,NA,NA,NA,NA,NA,NA,NA,NA
North Carolina,NC,16.0,23.0,5.0,6.0,15.0,18.0,17.0,11.0,12.0,14.0,15.0,78.0,73.0,72.0,71.0,45.0,44.0,55.0,67.0,54.0,76.0,72.0,15.0,20.0,19.0,21.0,77.0,76.0,14.9,13.7,0.42,0.53,87.0,87.0,69.0,69.0,66.0,61.0,90.0,90.0,7.0,7.0,14.0,16.0,112.0,109.0,28.0,29.0,64.0,67.0,27.0,35.0,18.0,20.0,16.0,18.0,16.1,16.0,205.0,197.0,4201.0,4346.0,8271.0,8158.0,92.4,92.9,7083.9,7029.3,21.0,21.5,14.4,14.5,13.0,12.7,7.0,7.4,26.0,27.0,19.0,20.0,31.0,30.0,31.0,13.0,13.0,NA,NA,NA,NA,NA,NA,NA,NA,NA,NA,NA,NA,NA,NA,NA,NA,NA,NA,NA,NA,NA,NA,NA,NA,NA,NA,NA,NA,NA,NA,NA,NA,NA,NA,NA,NA,NA,NA,NA,NA,NA,NA,NA,NA,NA,NA,NA,NA,NA,NA,NA,NA,NA,NA,NA,NA,NA,NA,NA,NA,NA,NA,NA,NA,NA,NA,NA,NA,NA,NA,NA,NA,NA,NA,NA,NA,NA,NA
North Dakota,ND,9.0,14.0,9.0,8.0,8.0,7.0,15.0,17.0,17.0,16.0,15.0,73.0,73.0,66.0,64.0,42.0,39.0,62.0,61.0,86.0,80.0,72.0,8.0,11.0,11.0,14.0,76.0,73.0,14.9,12.7,0.39,0.37,82.0,82.0,69.0,70.0,69.0,56.0,91.0,87.0,4.0,4.0,19.0,19.0,48.0,NA,22.0,24.0,61.0,65.0,28.0,35.0,14.0,16.0,14.0,15.0,17.1,15.0,172.0,187.0,4438.0,4126.0,7724.0,7529.0,71.3,68.5,6098.9,6473.0,14.2,16.9,14.9,13.2,17.8,15.2,6.0,6.3,20.0,20.0,19.0,21.0,31.0,31.0,36.0,7.0,9.0,NA,NA,NA,NA,NA,NA,NA,NA,NA,NA,NA,NA,NA,NA,NA,NA,NA,NA,NA,NA,NA,NA,NA,NA,NA,NA,NA,NA,NA,NA,NA,NA,NA,NA,NA,NA,NA,NA,NA,NA,NA,NA,NA,NA,NA,NA,NA,NA,NA,NA,NA,NA,NA,NA,NA,NA,NA,NA,NA,NA,NA,NA,NA,NA,NA,NA,NA,NA,NA,NA,NA,NA,NA,NA,NA,NA,NA,NA
Ohio,OH,9.0,16.0,4.0,5.0,11.0,15.0,14.0,12.0,13.0,15.0,14.0,82.0,81.0,66.0,67.0,36.0,38.0,57.0,71.0,66.0,68.0,62.0,12.0,17.0,17.0,20.0,76.0,76.0,14.0,12.9,0.4,0.42,89.0,87.0,69.0,68.0,67.0,61.0,88.0,88.0,6.0,6.0,20.0,23.0,125.0,143.0,36.0,38.0,75.0,82.0,27.0,34.0,20.0,21.0,13.0,15.0,16.3,16.0,218.0,219.0,4333.0,4235.0,9326.0,9492.0,94.8,95.1,7404.2,7282.3,22.6,22.8,15.9,16.4,12.6,13.0,7.3,7.5,24.0,26.0,22.0,23.0,30.0,31.0,31.0,13.0,13.0,NA,NA,NA,NA,NA,NA,NA,NA,NA,NA,NA,NA,NA,NA,NA,NA,NA,NA,NA,NA,NA,NA,NA,NA,NA,NA,NA,NA,NA,NA,NA,NA,NA,NA,NA,NA,NA,NA,NA,NA,NA,NA,NA,NA,NA,NA,NA,NA,NA,NA,NA,NA,NA,NA,NA,NA,NA,NA,NA,NA,NA,NA,NA,NA,NA,NA,NA,NA,NA,NA,NA,NA,NA,NA,NA,NA,NA,NA
Oklahoma,OK,20.0,25.0,8.0,11.0,15.0,17.0,18.0,17.0,21.0,17.0,18.0,75.0,74.0,60.0,61.0,44.0,41.0,56.0,62.0,61.0,75.0,63.0,18.0,22.0,21.0,26.0,73.0,76.0,14.7,13.2,0.43,0.39,87.0,85.0,70.0,70.0,66.0,60.0,92.0,91.0,7.0,8.0,20.0,23.0,136.0,139.0,34.0,38.0,72.0,80.0,32.0,40.0,21.0,23.0,23.0,24.0,15.9,16.0,216.0,211.0,4230.0,4159.0,9229.0,9182.0,123.0,115.9,9100.5,8915.4,22.0,23.4,16.5,18.1,19.1,17.6,6.7,7.5,30.0,30.0,22.0,24.0,35.0,34.0,34.0,14.0,14.0,NA,NA,NA,NA,NA,NA,NA,NA,NA,NA,NA,NA,NA,NA,NA,NA,NA,NA,NA,NA,NA,NA,NA,NA,NA,NA,NA,NA,NA,NA,NA,NA,NA,NA,NA,NA,NA,NA,NA,NA,NA,NA,NA,NA,NA,NA,NA,NA,NA,NA,NA,NA,NA,NA,NA,NA,NA,NA,NA,NA,NA,NA,NA,NA,NA,NA,NA,NA,NA,NA,NA,NA,NA,NA,NA,NA,NA,NA
Oregon,OR,10.0,21.0,4.0,7.0,13.0,18.0,16.0,18.0,20.0,14.0,15.0,79.0,74.0,68.0,67.0,38.0,33.0,57.0,63.0,66.0,67.0,67.0,11.0,16.0,13.0,17.0,74.0,74.0,15.3,13.9,0.48,0.3,88.0,86.0,68.0,68.0,61.0,56.0,89.0,89.0,7.0,6.0,17.0,18.0,39.0,40.0,17.0,17.0,45.0,48.0,14.0,15.0,16.0,17.0,9.0,8.0,15.0,14.0,158.0,162.0,4743.0,4469.0,6510.0,6300.0,63.4,62.3,5904.7,5798.7,20.4,20.3,13.0,13.8,18.6,17.8,4.9,5.4,31.0,26.0,17.0,17.0,30.0,27.0,26.0,8.0,10.0,14.0,17.0,18.0,18.0,18.0,17.0,10.0,11.0,10.0,10.0,10.0,15.0,155.0,164.0,5138.0,4906.0,4916.0,6380.0,5707.0,7066.0,5449.0,7021.0,5460.0,62.0,112.0,63.0,65.0,106.0,66.0,69.0,118.0,70.0,5736.0,5823.0,5720.0,19.9,20.5,23.1,14.4,16.2,14.9,16.8,16.6,17.1,4.6,5.0,4.9,28.0,31.0,16.0,17.0,28.0,28.0,NA,NA,NA,NA,NA,NA,NA,NA,NA,NA,NA,NA,NA,NA,NA,NA,NA,NA,NA,NA,NA,NA,NA,NA,NA
Pennsylvania,PA,9.0,14.0,4.0,5.0,12.0,12.0,12.0,11.0,12.0,14.0,13.0,87.0,86.0,68.0,69.0,41.0,37.0,59.0,73.0,69.0,73.0,76.0,10.0,13.0,15.0,18.0,78.0,78.0,14.1,12.9,0.41,0.49,87.0,86.0,67.0,67.0,68.0,63.0,89.0,87.0,5.0,6.0,17.0,19.0,166.0,187.0,28.0,31.0,69.0,74.0,26.0,31.0,19.0,21.0,14.0,16.0,16.9,17.0,180.0,187.0,4520.0,4303.0,9202.0,9391.0,82.4,83.5,6577.4,6725.9,20.8,22.6,15.2,16.0,13.3,12.4,6.7,7.1,24.0,24.0,18.0,21.0,30.0,30.0,26.0,10.0,11.0,27.0,22.0,23.0,22.0,23.0,22.0,17.0,18.0,19.0,19.0,19.0,17.0,181.0,185.0,6212.0,5890.0,5682.0,9302.0,5888.0,9618.0,5582.0,9780.0,5385.0,82.0,162.0,75.0,86.0,171.0,78.0,90.0,183.0,82.0,6648.0,6771.0,6670.0,21.8,23.1,23.5,15.9,16.0,17.2,13.4,13.2,11.9,6.5,7.2,7.1,27.0,25.0,19.0,21.0,31.0,29.0,12.0,5.0,12.0,13.0,12.0,12.0,13.0,85.0,87.0,42.0,44.0,79.0,68.0,15.0,19.0,85.0,66.0,65.0,87.0,5.0,18.0,NA,183.0,28.0,70.0
Rhode Island,RI,7.0,17.0,3.0,6.0,10.0,14.0,11.0,6.0,10.0,12.0,12.0,88.0,84.0,75.0,76.0,46.0,42.0,60.0,76.0,66.0,77.0,82.0,9.0,11.0,13.0,13.0,75.0,77.0,13.7,13.2,0.61,0.67,87.0,86.0,68.0,67.0,67.0,63.0,95.0,93.0,4.0,5.0,17.0,18.0,NA,139.0,28.0,27.0,NA,66.0,26.0,28.0,20.0,21.0,9.0,10.0,16.4,15.0,200.0,188.0,3929.0,3869.0,8620.0,8557.0,66.7,72.0,5570.1,5548.5,18.6,18.1,13.6,14.4,10.0,9.5,6.5,6.5,26.0,25.0,15.0,17.0,27.0,27.0,28.0,7.0,9.0,25.0,24.0,24.0,24.0,23.0,23.0,12.0,12.0,14.0,14.0,13.0,15.0,196.0,194.0,5291.0,5130.0,5045.0,8594.0,6156.0,9637.0,5968.0,9610.0,5870.0,68.0,102.0,70.0,73.0,113.0,73.0,80.0,133.0,78.0,5819.0,5565.0,5794.0,19.4,19.6,19.5,13.2,15.1,16.6,12.2,8.9,12.3,6.4,7.2,5.9,24.0,24.0,16.0,17.0,27.0,26.0,10.0,3.0,12.0,13.0,13.0,6.0,8.0,86.0,87.0,47.0,46.0,76.0,72.0,14.0,16.0,85.0,66.0,65.0,95.0,5.0,16.0,149.0,192.0,NA,62.0
South Carolina,SC,16.0,23.0,4.0,7.0,16.0,19.0,16.0,15.0,16.0,18.0,18.0,78.0,76.0,67.0,68.0,37.0,37.0,54.0,64.0,50.0,68.0,67.0,17.0,20.0,21.0,22.0,76.0,77.0,14.6,13.5,0.49,0.58,87.0,86.0,69.0,69.0,68.0,64.0,90.0,92.0,7.0,6.0,14.0,17.0,124.0,138.0,26.0,27.0,61.0,65.0,28.0,33.0,20.0,20.0,19.0,20.0,16.4,16.0,174.0,176.0,NA,NA,8457.0,8529.0,99.8,99.4,8039.4,7962.3,23.0,22.3,14.7,15.4,15.1,13.7,6.9,7.5,28.0,28.0,20.0,22.0,33.0,33.0,39.0,15.0,15.0,30.0,21.0,21.0,21.0,21.0,20.0,19.0,20.0,20.0,20.0,21.0,16.0,169.0,172.0,6661.0,6178.0,5805.0,8519.0,5850.0,8311.0,5426.0,8413.0,5098.0,99.0,156.0,83.0,103.0,163.0,85.0,106.0,169.0,87.0,7908.0,8052.0,8204.0,21.3,24.7,22.5,15.0,16.2,17.6,14.0,13.6,13.5,7.3,7.3,7.0,29.0,27.0,21.0,22.0,33.0,33.0,20.0,6.0,18.0,21.0,17.0,15.0,17.0,77.0,78.0,41.0,42.0,73.0,72.0,24.0,24.0,85.0,69.0,65.0,91.0,6.0,16.0,133.0,143.0,25.0,62.0
South Dakota,SD,16.0,17.0,8.0,7.0,8.0,10.0,16.0,14.0,14.0,11.0,11.0,79.0,76.0,69.0,68.0,51.0,47.0,62.0,59.0,64.0,76.0,74.0,8.0,10.0,12.0,15.0,77.0,77.0,15.0,13.1,0.25,0.19,89.0,87.0,74.0,72.0,66.0,58.0,83.0,88.0,5.0,5.0,17.0,19.0,46.0,72.0,21.0,22.0,60.0,NA,25.0,31.0,14.0,15.0,16.0,15.0,15.5,17.0,149.0,168.0,4918.0,4741.0,7418.0,7204.0,73.8,75.8,6824.3,6872.5,18.3,19.5,17.5,16.4,17.1,16.8,6.5,8.3,22.0,21.0,20.0,20.0,31.0,30.0,27.0,10.0,9.0,27.0,16.0,16.0,17.0,18.0,18.0,16.0,16.0,15.0,15.0,16.0,15.0,149.0,168.0,5856.0,5873.0,5406.0,7209.0,5859.0,7516.0,5876.0,7623.0,5409.0,75.0,NA,66.0,75.0,NA,67.0,75.0,NA,68.0,6514.0,6409.0,6475.0,19.9,24.2,19.7,16.7,13.9,17.0,18.0,15.7,17.5,6.1,7.1,6.7,21.0,21.0,18.0,22.0,31.0,28.0,13.0,8.0,10.0,11.0,16.0,16.0,16.0,75.0,76.0,44.0,41.0,76.0,64.0,13.0,18.0,86.0,73.0,60.0,85.0,5.0,18.0,76.0,84.0,22.0,NA
Tennessee,TN,15.0,20.0,4.0,6.0,16.0,18.0,18.0,14.0,11.0,18.0,17.0,78.0,77.0,68.0,67.0,40.0,42.0,60.0,70.0,60.0,70.0,69.0,16.0,21.0,21.0,24.0,75.0,75.0,15.0,13.5,0.48,0.49,86.0,85.0,68.0,68.0,68.0,63.0,89.0,90.0,5.0,5.0,20.0,24.0,69.0,98.0,34.0,37.0,77.0,84.0,29.0,37.0,19.0,21.0,19.0,22.0,17.3,17.0,193.0,200.0,3969.0,4039.0,9019.0,9197.0,112.3,109.4,8598.8,8463.7,21.6,22.9,15.3,16.9,14.1,14.6,6.8,7.2,30.0,31.0,22.0,23.0,35.0,35.0,34.0,16.0,18.0,31.0,23.0,24.0,23.0,23.0,22.0,24.0,25.0,25.0,26.0,25.0,17.0,189.0,193.0,6271.0,6078.0,5984.0,9044.0,5310.0,8437.0,5146.0,8736.0,5067.0,110.0,179.0,101.0,110.0,183.0,101.0,115.0,200.0,103.0,8357.0,8439.0,8528.0,22.4,21.7,22.6,16.6,17.9,17.7,15.3,14.4,14.6,7.4,7.9,8.0,32.0,28.0,23.0,24.0,33.0,32.0,17.0,5.0,16.0,19.0,22.0,12.0,11.0,76.0,79.0,41.0,41.0,72.0,73.0,27.0,26.0,84.0,68.0,64.0,89.0,5.0,23.0,73.0,101.0,34.0,77.0
Texas,TX,23.0,30.0,10.0,13.0,18.0,19.0,15.0,16.0,15.0,20.0,18.0,67.0,67.0,64.0,66.0,41.0,34.0,52.0,68.0,59.0,71.0,73.0,16.0,19.0,19.0,22.0,76.0,75.0,14.2,13.0,0.47,0.51,86.0,86.0,70.0,69.0,60.0,56.0,87.0,88.0,6.0,7.0,21.0,27.0,90.0,104.0,30.0,31.0,72.0,76.0,27.0,34.0,20.0,22.0,21.0,23.0,15.4,15.0,188.0,186.0,5014.0,4917.0,10142.0,10135.0,94.8,92.4,6538.0,6457.3,19.8,21.1,14.1,14.8,12.2,11.9,5.8,5.8,25.0,24.0,15.0,16.0,33.0,32.0,37.0,7.0,8.0,28.0,23.0,24.0,23.0,24.0,24.0,24.0,25.0,25.0,26.0,26.0,15.0,180.0,180.0,6188.0,5807.0,5524.0,10067.0,5740.0,9990.0,5386.0,10152.0,5124.0,93.0,164.0,88.0,93.0,171.0,86.0,97.0,175.0,90.0,6492.0,6459.0,6594.0,20.2,20.3,21.0,14.7,15.2,15.9,11.7,11.5,11.7,5.7,6.2,6.0,26.0,25.0,14.0,18.0,32.0,30.0,26.0,12.0,18.0,21.0,17.0,16.0,19.0,67.0,67.0,37.0,38.0,64.0,65.0,23.0,23.0,84.0,69.0,57.0,87.0,7.0,25.0,114.0,108.0,29.0,70.0
Utah,UT,14.0,18.0,8.0,9.0,13.0,15.0,17.0,19.0,19.0,15.0,16.0,74.0,72.0,68.0,68.0,38.0,35.0,64.0,61.0,49.0,68.0,75.0,13.0,18.0,20.0,23.0,76.0,75.0,14.8,13.5,0.45,0.66,90.0,90.0,69.0,70.0,71.0,66.0,91.0,92.0,5.0,5.0,18.0,25.0,68.0,80.0,15.0,17.0,39.0,42.0,15.0,17.0,14.0,14.0,11.0,11.0,14.4,14.0,145.0,147.0,4343.0,4252.0,7980.0,8011.0,61.2,61.1,5876.2,5718.9,20.3,20.4,11.8,10.7,20.5,21.0,5.2,4.8,21.0,20.0,9.0,10.0,24.0,24.0,22.0,6.0,6.0,16.0,14.0,14.0,14.0,14.0,14.0,11.0,10.0,11.0,11.0,11.0,14.0,142.0,147.0,6084.0,5832.0,5671.0,7889.0,5538.0,7804.0,5309.0,7997.0,5162.0,61.0,161.0,60.0,62.0,115.0,61.0,64.0,92.0,63.0,5722.0,5752.0,5720.0,20.3,20.6,22.4,10.9,11.5,12.0,21.4,19.4,18.3,5.5,4.9,5.3,21.0,22.0,9.0,10.0,25.0,24.0,16.0,9.0,14.0,15.0,16.0,19.0,21.0,71.0,74.0,41.0,40.0,71.0,73.0,21.0,26.0,89.0,69.0,69.0,91.0,5.0,21.0,93.0,66.0,16.0,39.0
Vermont,VT,6.0,10.0,NA,NA,8.0,9.0,10.0,11.0,11.0,11.0,11.0,88.0,87.0,70.0,73.0,42.0,42.0,69.0,81.0,78.0,76.0,67.0,9.0,11.0,10.0,14.0,80.0,75.0,14.9,13.8,0.45,0.25,90.0,88.0,69.0,69.0,66.0,60.0,91.0,88.0,4.0,4.0,17.0,20.0,27.0,33.0,20.0,NA,NA,65.0,26.0,31.0,15.0,16.0,14.0,15.0,16.3,16.0,166.0,187.0,4821.0,4897.0,6898.0,6816.0,57.5,55.3,5516.5,5102.2,18.1,19.4,13.6,13.5,18.7,13.1,4.4,4.3,22.0,22.0,16.0,17.0,25.0,25.0,25.0,10.0,11.0,27.0,16.0,16.0,15.0,16.0,16.0,13.0,12.0,12.0,11.0,10.0,15.0,178.0,194.0,6131.0,5719.0,5536.0,6869.0,6180.0,7884.0,5764.0,7898.0,5580.0,57.0,NA,57.0,58.0,NA,58.0,60.0,NA,60.0,5596.0,5638.0,4997.0,18.5,18.3,19.3,14.3,14.2,16.7,16.8,17.8,15.7,4.9,4.2,6.2,24.0,21.0,16.0,16.0,25.0,23.0,7.0,NA,9.0,10.0,12.0,12.0,13.0,87.0,88.0,44.0,47.0,72.0,63.0,12.0,17.0,88.0,68.0,62.0,91.0,5.0,19.0,28.0,26.0,20.0,61.0
Virginia,VA,13.0,17.0,5.0,6.0,12.0,15.0,14.0,11.0,12.0,14.0,12.0,79.0,76.0,71.0,72.0,42.0,41.0,57.0,70.0,53.0,64.0,69.0,13.0,17.0,17.0,20.0,76.0,75.0,14.5,13.5,0.39,0.5,88.0,86.0,67.0,66.0,66.0,63.0,90.0,90.0,6.0,6.0,17.0,20.0,87.0,107.0,24.0,27.0,62.0,71.0,32.0,40.0,20.0,21.0,18.0,20.0,16.7,17.0,183.0,193.0,4142.0,4085.0,7925.0,8e3,81.0,82.0,5921.4,5964.8,22.7,21.3,14.0,14.5,12.9,12.6,6.2,6.5,22.0,23.0,17.0,19.0,29.0,27.0,30.0,10.0,11.0,36.0,22.0,22.0,22.0,21.0,20.0,20.0,22.0,21.0,21.0,20.0,17.0,187.0,183.0,5815.0,5800.0,5694.0,8050.0,5422.0,8169.0,5408.0,8160.0,5309.0,81.0,140.0,72.0,83.0,147.0,72.0,90.0,161.0,78.0,5882.0,6077.0,6014.0,21.1,22.8,22.3,13.8,14.2,15.4,12.5,12.6,11.7,6.8,6.8,7.1,24.0,24.0,19.0,18.0,29.0,28.0,15.0,6.0,13.0,15.0,12.0,12.0,13.0,76.0,77.0,46.0,45.0,74.0,70.0,20.0,21.0,85.0,65.0,64.0,90.0,6.0,18.0,100.0,115.0,25.0,63.0
Washington,WA,9.0,20.0,3.0,7.0,11.0,15.0,14.0,17.0,17.0,14.0,14.0,77.0,72.0,69.0,69.0,42.0,39.0,59.0,72.0,54.0,77.0,71.0,12.0,16.0,14.0,17.0,76.0,74.0,15.2,13.9,0.51,0.54,88.0,87.0,67.0,66.0,62.0,56.0,88.0,88.0,5.0,6.0,16.0,19.0,62.0,77.0,17.0,18.0,46.0,49.0,20.0,23.0,16.0,17.0,11.0,13.0,14.9,15.0,162.0,157.0,4357.0,4524.0,7125.0,7106.0,62.7,62.7,5393.8,5398.6,20.4,17.9,11.9,13.2,15.3,14.5,4.5,5.3,27.0,28.0,15.0,16.0,26.0,27.0,26.0,8.0,8.0,21.0,19.0,18.0,18.0,18.0,18.0,13.0,14.0,14.0,13.0,12.0,15.0,156.0,154.0,5226.0,5031.0,4747.0,7137.0,5910.0,7922.0,5690.0,7919.0,5368.0,62.0,99.0,62.0,64.0,111.0,63.0,70.0,129.0,69.0,5313.0,5292.0,5357.0,20.5,20.7,21.2,12.8,14.5,14.1,14.1,14.3,13.9,4.6,4.5,4.9,27.0,28.0,15.0,17.0,28.0,27.0,13.0,5.0,12.0,16.0,13.0,16.0,20.0,75.0,76.0,43.0,43.0,67.0,65.0,19.0,19.0,86.0,66.0,58.0,88.0,6.0,18.0,84.0,90.0,17.0,48.0
West Virginia,WV,8.0,20.0,3.0,5.0,14.0,18.0,17.0,10.0,12.0,20.0,18.0,79.0,77.0,65.0,66.0,44.0,42.0,61.0,74.0,74.0,65.0,66.0,14.0,17.0,18.0,20.0,73.0,73.0,14.8,13.2,0.38,0.35,87.0,85.0,67.0,67.0,70.0,63.0,90.0,91.0,7.0,7.0,16.0,18.0,86.0,110.0,42.0,50.0,81.0,98.0,35.0,46.0,20.0,23.0,17.0,19.0,17.9,18.0,230.0,226.0,5073.0,5273.0,8521.0,8637.0,105.7,105.5,9535.5,9474.4,22.4,22.6,18.8,17.5,18.1,17.1,7.6,7.2,34.0,34.0,26.0,27.0,37.0,37.0,34.0,22.0,23.0,40.0,23.0,23.0,23.0,23.0,22.0,20.0,21.0,24.0,24.0,24.0,17.0,223.0,230.0,7592.0,7334.0,7265.0,8601.0,6149.0,8434.0,5940.0,8520.0,5884.0,103.0,154.0,103.0,105.0,159.0,104.0,108.0,175.0,107.0,9413.0,9518.0,9038.0,21.6,23.8,20.9,19.8,18.6,17.4,16.4,15.9,14.1,6.6,7.3,7.7,34.0,33.0,26.0,28.0,37.0,35.0,13.0,3.0,17.0,19.0,17.0,9.0,12.0,77.0,76.0,41.0,43.0,63.0,61.0,22.0,22.0,84.0,66.0,64.0,90.0,6.0,17.0,98.0,117.0,43.0,87.0
Wisconsin,WI,8.0,13.0,4.0,5.0,9.0,12.0,15.0,13.0,13.0,12.0,12.0,81.0,81.0,73.0,71.0,36.0,35.0,66.0,68.0,65.0,69.0,73.0,9.0,11.0,13.0,15.0,79.0,78.0,14.9,13.5,0.35,0.48,90.0,89.0,71.0,71.0,64.0,59.0,87.0,87.0,4.0,4.0,13.0,16.0,73.0,78.0,21.0,22.0,57.0,60.0,21.0,26.0,16.0,17.0,12.0,12.0,16.3,16.0,182.0,182.0,5785.0,5678.0,7640.0,7615.0,70.3,70.0,5763.7,5695.8,19.3,20.4,13.7,13.8,13.1,12.3,6.3,5.7,23.0,24.0,17.0,19.0,30.0,29.0,29.0,10.0,11.0,23.0,17.0,18.0,18.0,17.0,16.0,13.0,14.0,14.0,14.0,14.0,16.0,176.0,184.0,5868.0,5730.0,5737.0,7622.0,5868.0,7979.0,5730.0,8003.0,5737.0,69.0,160.0,64.0,72.0,175.0,67.0,73.0,169.0,68.0,5863.0,5775.0,5656.0,20.4,21.6,21.6,14.1,14.9,14.6,14.4,12.8,13.4,6.2,5.8,6.0,24.0,22.0,17.0,20.0,31.0,30.0,10.0,5.0,11.0,13.0,16.0,12.0,11.0,81.0,82.0,43.0,43.0,71.0,75.0,13.0,16.0,88.0,71.0,62.0,88.0,4.0,14.0,86.0,88.0,21.0,57.0
Wyoming,WY,14.0,18.0,7.0,7.0,12.0,14.0,16.0,21.0,21.0,15.0,15.0,69.0,69.0,60.0,61.0,34.0,32.0,59.0,65.0,67.0,73.0,70.0,12.0,13.0,14.0,22.0,72.0,74.0,15.7,13.0,0.37,0.53,89.0,88.0,71.0,69.0,61.0,58.0,88.0,88.0,4.0,5.0,13.0,18.0,99.0,92.0,NA,NA,NA,NA,28.0,32.0,14.0,15.0,16.0,13.0,17.2,17.0,165.0,169.0,5746.0,5724.0,6866.0,6818.0,71.7,71.1,7349.6,7045.7,14.6,15.7,10.9,15.8,20.6,29.6,4.8,5.6,25.0,23.0,19.0,21.0,30.0,29.0,27.0,10.0,11.0,28.0,17.0,18.0,15.0,16.0,17.0,14.0,15.0,14.0,16.0,13.0,16.0,160.0,168.0,5801.0,6258.0,5821.0,6701.0,5840.0,7518.0,6301.0,7715.0,5861.0,68.0,NA,67.0,76.0,NA,75.0,81.0,NA,79.0,6761.0,7163.0,7246.0,20.5,21.9,22.6,12.6,14.6,16.6,21.5,23.3,22.4,6.6,6.9,6.0,23.0,22.0,19.0,21.0,31.0,26.0,17.0,7.0,12.0,15.0,18.0,21.0,21.0,69.0,68.0,34.0,36.0,64.0,67.0,17.0,18.0,87.0,68.0,58.0,86.0,4.0,16.0,123.0,123.0,23.0,NA
